RespModal;Diff;Mean_RT;Divided_Diff;Divided_Diff_Percent
speak;49;577;0.0849220103986135;8.49220103986135
type;49;787;0.0622617534942821;6.22617534942821
